village.nom,fiche_enqueteur.date
Marotia,2022-12-15
Marotia,2022-12-15
Marotia,2022-12-15
Marotia,2022-12-15
Marotia,2022-12-15
Marotia,2022-12-15
Marotia,2022-12-15
Marotia,2022-12-17
Marotia,2022-12-17
Marotia,2022-12-17
Marotia,2022-12-17
Marotia,2022-12-17
Marotia,2022-12-17
Marotia,2022-12-19
Marotia,2022-12-19
Marotia,2022-12-19
Marotia,2022-12-19
Marotia,2022-12-19
Marotia,2022-12-19
Marotia,2022-12-22
Marotia,2022-12-22
Marotia,2022-12-22
Marotia,2022-12-22
Marotia,2022-12-22
Marotia,2022-12-22
Marotia,2022-12-22
Marotia,2022-12-24
Marotia,2022-12-24
Marotia,2022-12-24
Marotia,2022-12-24
Marotia,2022-12-24
Marotia,2022-12-24
Marotia,2022-12-26
Marotia,2022-12-26
Marotia,2022-12-26
Marotia,2022-12-26
Marotia,2022-12-26
Marotia,2022-12-26
Marotia,2022-12-26
Marotia,2022-12-26
Marotia,2022-12-26
Marotia,2022-12-29
Marotia,2022-12-29
Marotia,2022-12-29
Marotia,2022-12-29
Marotia,2022-12-29
Marotia,2022-12-29
Marotia,2022-12-31
Marotia,2022-12-31
Marotia,2022-12-31
Marotia,2022-12-31
Marotia,2022-12-31
Marotia,2022-12-31
Marotia,2022-12-31
Marotia,2022-12-31
Marotia,2023-01-02
Marotia,2023-01-02
